,0,1
0,2008-08-08,0.02643702701117423
1,2008-08-11,0.004491148288938263
2,2008-08-12,-0.011817519177672486
3,2008-08-13,-0.008583447394987176
4,2008-08-14,0.007271840504886384
5,2008-08-15,0.004193398462652986
6,2008-08-18,-0.015460218527576175
7,2008-08-19,-0.011285853374611299
8,2008-08-20,0.00630086667923746
9,2008-08-21,0.001312237369248015
10,2008-08-22,0.01761382945805967
11,2008-08-25,-0.0206379236126103
12,2008-08-26,0.002574813863780001
13,2008-08-27,0.007890481570820729
14,2008-08-28,0.018722782849669883
15,2008-08-29,-0.014451223208489572
16,2008-09-02,-0.00248665177135754
17,2008-09-03,0.0023353115064617125
18,2008-09-04,-0.02985047327202195
19,2008-09-05,0.003158523781811917
20,2008-09-08,0.02546756568408326
21,2008-09-09,-0.024664059724592402
22,2008-09-10,0.0031164363533120465
23,2008-09-11,0.015026892108124024
24,2008-09-12,-0.0006413397997344639
25,2008-09-15,-0.043696932202395344
26,2008-09-16,0.014066088159523815
27,2008-09-17,-0.04042117172282478
28,2008-09-18,0.03871055575009086
29,2008-09-19,0.03273002442607864
30,2008-09-22,-0.03323815469261049
31,2008-09-23,-0.014662767533854981
32,2008-09-24,-0.002290282421059442
33,2008-09-25,0.018000054437494306
34,2008-09-26,0.011261402405364329
35,2008-09-29,-0.06949697690485446
36,2008-09-30,0.046191619251555904
37,2008-10-01,-0.0015054371011831158
38,2008-10-02,-0.0316557353042366
39,2008-10-03,-0.015125971349558176
40,2008-10-06,-0.035555227568016545
41,2008-10-07,-0.051058576532438504
42,2008-10-08,-0.01898129547523708
43,2008-10-09,-0.07369065130802477
44,2008-10-10,-0.013710353306803258
45,2008-10-13,0.1093292980645828
46,2008-10-14,-0.00830543662056471
47,2008-10-15,-0.07783347590526868
48,2008-10-16,0.04689493405313461
49,2008-10-17,-0.013718672515723895
50,2008-10-20,0.04666921501762222
51,2008-10-21,-0.024737622945959825
52,2008-10-22,-0.05634015354603794
53,2008-10-23,0.020127360062505373
54,2008-10-24,-0.03504001024581482
55,2008-10-27,-0.02389587100448398
56,2008-10-28,0.10837880239188502
57,2008-10-29,-0.007875470920360894
58,2008-10-30,0.019548797061786694
59,2008-10-31,0.015896992455671555
60,2008-11-03,-0.000665873293919983
61,2008-11-04,0.03232455942511603
62,2008-11-05,-0.04963605613290545
63,2008-11-06,-0.04797670883068328
64,2008-11-07,0.028493380223079567
65,2008-11-10,-0.008501505971440504
66,2008-11-11,-0.019218659186917675
67,2008-11-12,-0.04627306940418929
68,2008-11-13,0.06691233037397515
69,2008-11-14,-0.03682541910399473
70,2008-11-17,-0.026046372864378053
71,2008-11-18,0.01830097141601228
72,2008-11-19,-0.05028217680245495
73,2008-11-20,-0.055435944573871576
74,2008-11-21,0.06541652452756774
75,2008-11-24,0.04911722056566048
76,2008-11-25,0.00406506942820406
77,2008-11-26,0.030967029407999114
78,2008-11-28,0.011959132310333853
79,2008-12-01,-0.07678806816776917
80,2008-12-02,0.03254206273187177
81,2008-12-03,0.02170861582057526
82,2008-12-04,-0.02455203816199969
83,2008-12-05,0.030961958527732092
84,2008-12-08,0.0343298563355805
85,2008-12-09,-0.027173362915658528
86,2008-12-10,0.00787069159093523
87,2008-12-11,-0.02114711912556866
88,2008-12-12,0.007775231170967789
89,2008-12-15,-0.0074493818038910975
90,2008-12-16,0.04185195993717761
91,2008-12-17,-0.01093603390910447
92,2008-12-18,-0.024813199696544164
93,2008-12-19,-0.0031824374600593064
94,2008-12-22,-0.006261211900039032
95,2008-12-23,-0.011640359968846936
96,2008-12-24,0.006132942075929071
97,2008-12-26,0.005530930237982679
98,2008-12-29,-0.0037506947101316745
99,2008-12-30,0.02131130178189422
100,2008-12-31,0.012682100812797747
101,2009-01-02,0.029917117045227926
102,2009-01-05,-0.008224123942185635
103,2009-01-06,0.006759598159487901
104,2009-01-07,-0.025257501343709743
105,2009-01-08,-0.003133484111932594
106,2009-01-09,-0.015977035761834846
107,2009-01-12,-0.014569863268391381
108,2009-01-13,-0.0030739799138791435
109,2009-01-14,-0.029110802001409697
110,2009-01-15,0.001982616362633083
111,2009-01-16,0.007978631763731148
112,2009-01-20,-0.03992207908697398
113,2009-01-21,0.03508915896086706
114,2009-01-22,-0.012357073603326607
115,2009-01-23,-0.0038513736142872235
116,2009-01-26,0.0047028420033310425
117,2009-01-27,0.0070638274164793735
118,2009-01-28,0.024403341846739313
119,2009-01-29,-0.026758415144059522
120,2009-01-30,-0.01818011111216522
121,2009-02-02,-0.007983145814445924
122,2009-02-03,0.01781149085889111
123,2009-02-04,-0.014083663408479996
124,2009-02-05,0.013606795486348355
125,2009-02-06,0.027830112811973118
126,2009-02-09,-0.00126908391457492
127,2009-02-10,-0.04601087058782949
128,2009-02-11,0.006653943020206388
129,2009-02-12,9.954033847803245e-05
130,2009-02-13,-0.010410921971511389
131,2009-02-17,-0.03734942756284476
132,2009-02-18,0.0012297050732457127
133,2009-02-19,-0.011816951335212655
134,2009-02-20,-0.01284198048847851
135,2009-02-23,-0.03410409748311394
136,2009-02-24,0.033111573328246324
137,2009-02-25,-0.010706726121067489
138,2009-02-26,-0.011965781035514822
139,2009-02-27,-0.016437895641654543
140,2009-03-02,-0.041549036039354004
141,2009-03-03,-0.005734091373104211
142,2009-03-04,0.02220171619713085
143,2009-03-05,-0.04067055976306555
144,2009-03-06,0.004818652504001486
145,2009-03-09,-0.01187647360459454
146,2009-03-10,0.057962410560424615
147,2009-03-11,0.0010501058224909876
148,2009-03-12,0.034283979594785574
149,2009-03-13,0.007901090532162147
150,2009-03-16,-0.0011570216045152515
151,2009-03-17,0.02461903505126073
152,2009-03-18,0.01228820539013209
153,2009-03-19,-0.011867044908647761
154,2009-03-20,-0.016742094699116472
155,2009-03-23,0.06822266895627971
156,2009-03-24,-0.014600943576137393
157,2009-03-25,0.01174963860810796
158,2009-03-26,0.02221261642172556
159,2009-03-27,-0.01847754595441209
160,2009-03-30,-0.03232728877308255
161,2009-03-31,0.011317451460325145
162,2009-04-01,0.020440120980248278
163,2009-04-02,0.02757471835325842
164,2009-04-03,0.004631208506327367
165,2009-04-06,-0.005028599381192156
166,2009-04-07,-0.02250742443839049
167,2009-04-08,0.006217958101454757
168,2009-04-09,0.031057800778464983
169,2009-04-13,-0.002995533411212614
170,2009-04-14,-0.017031524688836952
171,2009-04-15,0.014491643141099075
172,2009-04-16,0.011992571727111212
173,2009-04-17,0.000726103341263773
174,2009-04-20,-0.035331785335428134
175,2009-04-21,0.016301259967637982
176,2009-04-22,-0.009819475630361119
177,2009-04-23,0.008907276766458194
178,2009-04-24,0.014934412542685127
179,2009-04-27,-0.006046682371444456
180,2009-04-28,-0.0008238068826550426
181,2009-04-29,0.020879701554080254
182,2009-04-30,-0.002490031713054841
183,2009-05-01,0.005509702481017342
184,2009-05-04,0.02594972182068056
185,2009-05-05,-0.001768361038131827
186,2009-05-06,0.012946993141872198
187,2009-05-07,-0.012033281414017605
188,2009-05-08,0.019489379977657206
189,2009-05-11,-0.017558278837791375
190,2009-05-12,0.0059317522348019125
191,2009-05-13,-0.020906918277062703
192,2009-05-14,0.005479221429531167
193,2009-05-15,-0.0069155127882681855
194,2009-05-18,0.02828602576013317
195,2009-05-19,-0.0032497410727071463
196,2009-05-20,-0.005875983102414106
197,2009-05-21,-0.014726638966321426
198,2009-05-22,-0.001795618908593699
199,2009-05-26,0.023699689586206274
200,2009-05-27,-0.02049068016594302
201,2009-05-28,0.012445009939160423
202,2009-05-29,0.011457589272915847
203,2009-06-01,0.025867126262951956
204,2009-06-02,0.0022095153256191935
205,2009-06-03,-0.007417569388542322
206,2009-06-04,0.00864063853167929
207,2009-06-05,0.001300297997543387
208,2009-06-08,0.0005868729106004444
209,2009-06-09,-0.0002020014061020481
210,2009-06-10,-0.0028116819412640215
211,2009-06-11,0.0039707575393177486
212,2009-06-12,0.0033352300374165367
213,2009-06-15,-0.021182032960163744
214,2009-06-16,-0.012513353082199696
215,2009-06-17,-0.0008443508627090646
216,2009-06-18,0.006928446208195327
217,2009-06-19,-0.002013506207639959
218,2009-06-22,-0.02336584981455614
219,2009-06-23,-0.0021018403221184645
220,2009-06-24,-0.0028412790595384596
221,2009-06-25,0.02086337813657857
222,2009-06-26,-0.0035602820393064727
223,2009-06-29,0.010574481819262793
224,2009-06-30,-0.009606092557577717
225,2009-07-01,0.006691813485496301
226,2009-07-02,-0.026138982241561748
227,2009-07-06,0.0053292195809748755
228,2009-07-07,-0.019381508984510964
229,2009-07-08,0.0018141577027550593
230,2009-07-09,0.0005086381015577679
231,2009-07-10,-0.004395998402850099
232,2009-07-13,0.02272868262097516
233,2009-07-14,0.00337520919189771
234,2009-07-15,0.030160362044097555
235,2009-07-16,0.011513301837518863
236,2009-07-17,0.0036789701540076436
237,2009-07-20,0.011673908596041782
238,2009-07-21,0.00766149262889515
239,2009-07-22,-0.0034928771327885633
240,2009-07-23,0.021050884066406095
241,2009-07-24,0.002992450008510561
242,2009-07-27,0.0016957846303666813
243,2009-07-28,-0.0011200488296112532
244,2009-07-29,-0.0023778386390019834
245,2009-07-30,0.008996093660131876
246,2009-07-31,0.0018569878286831543
247,2009-08-03,0.012307988007780546
248,2009-08-04,0.003784645827217492
249,2009-08-05,-0.003691819070919422
250,2009-08-06,-0.002256142542069295
251,2009-08-07,0.012056026078779425
252,2009-08-10,-0.00325134793340498
253,2009-08-11,-0.009950353396963041
254,2009-08-12,0.013593543983605905
255,2009-08-13,0.003834573683410003
256,2009-08-14,-0.008154854382611765
257,2009-08-17,-0.019166056195228487
258,2009-08-18,0.009150074529488128
259,2009-08-19,0.007653699595159491
260,2009-08-20,0.007705945595234187
261,2009-08-21,0.01691291943253881
262,2009-08-24,0.0003261652000869919
263,2009-08-25,0.0031632573182593937
264,2009-08-26,0.0005146639624471483
265,2009-08-27,0.004087352001515443
266,2009-08-28,-0.004021818191758952
267,2009-08-31,-0.004886337840106503
268,2009-09-01,-0.01914397081293928
269,2009-09-02,-0.002744408207748683
270,2009-09-03,0.006742067969982335
271,2009-09-04,0.010262758779491454
272,2009-09-08,0.006060293842251596
273,2009-09-09,0.005331375139044026
274,2009-09-10,0.008478509456760097
275,2009-09-11,-0.0020809722054454527
276,2009-09-14,0.002992236652185065
277,2009-09-15,0.005920189900479711
278,2009-09-16,0.011152750385436727
279,2009-09-17,-0.0006027066699854089
280,2009-09-18,0.0036230046756431378
281,2009-09-21,-0.004048434409244406
282,2009-09-22,0.0051392400301226715
283,2009-09-23,-0.008349422059103162
284,2009-09-24,-0.004364086832786884
285,2009-09-25,-0.0042742996919215015
286,2009-09-28,0.013052558707424833
287,2009-09-29,-0.004856108319901464
288,2009-09-30,-0.0030332909487645887
289,2009-10-01,-0.020832750952016754
290,2009-10-02,-0.00209833741299037
291,2009-10-05,0.011700145911268667
292,2009-10-06,0.013538872727964613
293,2009-10-07,-1.1346443812287887e-05
294,2009-10-08,0.006028892402298425
295,2009-10-09,0.008062545287528033
296,2009-10-12,0.00208404159577813
297,2009-10-13,-0.00130725663011233
298,2009-10-14,0.014413311302479359
299,2009-10-15,0.004798913972156926
300,2009-10-16,-0.0065051040525538895
301,2009-10-19,0.009555232767042288
302,2009-10-20,-0.005047298209318263
303,2009-10-21,-0.008913329965462125
304,2009-10-22,0.013586109062862839
305,2009-10-23,-0.012645738874198287
306,2009-10-26,-0.010465970960011783
307,2009-10-27,0.001401459436807695
308,2009-10-28,-0.011984475203844935
309,2009-10-29,0.020451885637530864
310,2009-10-30,-0.024975011214481313
311,2009-11-02,0.007960205220826522
312,2009-11-03,-0.001589743972037705
313,2009-11-04,0.0035669881846120965
314,2009-11-05,0.020204343475585418
315,2009-11-06,0.002206733477263745
316,2009-11-09,0.020589575354720502
317,2009-11-10,0.002343728661952982
318,2009-11-11,0.004278134821613211
319,2009-11-12,-0.00897494632557394
320,2009-11-13,0.007121120705281703
321,2009-11-16,0.013579671478218147
322,2009-11-17,0.0031380215489367203
323,2009-11-18,3.84020381205552e-06
324,2009-11-19,-0.008909995875911902
325,2009-11-20,-0.0009440438435974752
326,2009-11-23,0.012676227284260877
327,2009-11-24,-0.0016782718813538322
328,2009-11-25,0.0030135675894020775
329,2009-11-27,-0.013615328079693234
330,2009-11-30,0.0034016582906677417
331,2009-12-01,0.012351313358738958
332,2009-12-02,-0.0016962745854617323
333,2009-12-03,-0.008558020224633922
334,2009-12-04,0.0019607408146202765
335,2009-12-07,0.0003128953206128493
336,2009-12-08,-0.009575943558076894
337,2009-12-09,0.005270931508378984
338,2009-12-10,0.006756005998452164
339,2009-12-11,0.006544954296618721
340,2009-12-14,0.002842969648779281
341,2009-12-15,-0.0045059696244388325
342,2009-12-16,-0.0008315417560282867
343,2009-12-17,-0.012617872722811008
344,2009-12-18,0.0018914795798588013
345,2009-12-21,0.008135452917296115
346,2009-12-22,0.004825862593478059
347,2009-12-23,0.00020260446324149584
348,2009-12-24,0.0050605827016325655
349,2009-12-28,0.0027733572133015194
350,2009-12-29,-0.0002294236807102168
351,2009-12-30,0.0003935197452933359
352,2009-12-31,-0.011419618853486413
353,2010-01-04,0.014694092594213837
354,2010-01-05,-0.0011847483040807738
355,2010-01-06,0.000848102101289161
356,2010-01-07,0.00338185855691453
357,2010-01-08,0.0011115966364994012
358,2010-01-11,0.004112936982871851
359,2010-01-12,-0.0033387463424223718
360,2010-01-13,0.004956646751508087
361,2010-01-14,0.002845430083080469
362,2010-01-15,-0.009091242344734685
363,2010-01-19,0.01103464242941632
364,2010-01-20,-0.01087158624225315
365,2010-01-21,-0.020184089628380697
366,2010-01-22,-0.020847773189471952
367,2010-01-25,0.002138627024422579
368,2010-01-26,-0.00010392679414017447
369,2010-01-27,0.004107212649416381
370,2010-01-28,-0.01137646498042022
371,2010-01-29,-0.005405033055510766
372,2010-02-01,0.011574153543865595
373,2010-02-02,0.010869655823335433
374,2010-02-03,-0.002058027468150092
375,2010-02-04,-0.026373723456386666
376,2010-02-05,0.0008536888521049057
377,2010-02-08,-0.009698737887927411
378,2010-02-09,0.014970250175890154
379,2010-02-10,-0.0016985874406785229
380,2010-02-11,0.010593984283710833
381,2010-02-12,-0.0037575175109694214
382,2010-02-16,0.0166323301944995
383,2010-02-17,0.004654276265913415
384,2010-02-18,0.00810045461965836
385,2010-02-19,0.001403581197723991
386,2010-02-22,-0.0018312841875754993
387,2010-02-23,-0.00970321159322396
388,2010-02-24,0.00876703189420458
389,2010-02-25,-0.0043957843187498735
390,2010-02-26,0.00037297326061214164
391,2010-03-01,0.007523695581271195
392,2010-03-02,0.00017496010948558904
393,2010-03-03,-0.0009148808940599995
394,2010-03-04,0.004579352317536367
395,2010-03-05,0.011591077694213192
396,2010-03-08,-0.0010659765452317727
397,2010-03-09,0.00115043334219056
398,2010-03-10,0.0006818282615626003
399,2010-03-11,0.004815781560177035
400,2010-03-12,0.001217600793369522
401,2010-03-15,0.0017640507826401919
402,2010-03-16,0.004082694141846366
403,2010-03-17,0.004427098510780159
404,2010-03-18,0.0042604691662688765
405,2010-03-19,-0.0035268581632652563
406,2010-03-22,0.004179280141513919
407,2010-03-23,0.009423259178029664
408,2010-03-24,-0.004727362403068813
409,2010-03-25,0.00034142483650723143
410,2010-03-26,0.0008366451748242909
411,2010-03-29,0.004297989901978605
412,2010-03-30,0.0011381706076538656
413,2010-03-31,-0.004649159348225074
414,2010-04-01,0.006425232839704309
415,2010-04-05,0.004218697791099846
416,2010-04-06,-0.00022784253589525072
417,2010-04-07,-0.005877664362075596
418,2010-04-08,0.002760402400485251
419,2010-04-09,0.006445520558652662
420,2010-04-12,0.0008384047104825765
421,2010-04-13,0.0011538583079249154
422,2010-04-14,0.009292527261240968
423,2010-04-15,0.0019428597312021179
424,2010-04-16,-0.011217140351565513
425,2010-04-19,0.006687878290949634
426,2010-04-20,0.002158927229609864
427,2010-04-21,0.0007205028994208273
428,2010-04-22,0.0013048608554999674
429,2010-04-23,0.006476771577602403
430,2010-04-26,-7.146649830591656e-06
431,2010-04-27,-0.018893781187210412
432,2010-04-28,0.005132412468207059
433,2010-04-29,0.011016171799704821
434,2010-04-30,-0.01429233730831958
435,2010-05-03,0.012918768533937586
436,2010-05-04,-0.019975005886527675
437,2010-05-05,-0.004723248017402537
438,2010-05-06,-0.03200183667973722
439,2010-05-07,-0.013212727986009809
440,2010-05-10,0.03841258017718974
441,2010-05-11,-0.0029443630797774123
442,2010-05-12,0.014406776982908598
443,2010-05-13,-0.01043078107121076
444,2010-05-14,-0.014889555820740585
445,2010-05-17,0.0008335335103837327
446,2010-05-18,-0.01077601399457695
447,2010-05-19,-0.005837790614773852
448,2010-05-20,-0.03565064269687834
449,2010-05-21,0.01286375839393683
450,2010-05-24,-0.012448143170766146
451,2010-05-25,-0.001757174531675787
452,2010-05-26,-0.007034283798179608
453,2010-05-27,0.02880741370748341
454,2010-05-28,-0.011831752485864766
455,2010-06-01,-0.010846807296655991
456,2010-06-02,0.02233576601701137
457,2010-06-03,0.0004497609458780083
458,2010-06-04,-0.030990507355044827
459,2010-06-07,-0.011605181966924172
460,2010-06-08,0.012946174483197126
461,2010-06-09,-0.004256904158180808
462,2010-06-10,0.02735501719747191
463,2010-06-11,0.004356348599135362
464,2010-06-14,-0.002050605017910878
465,2010-06-15,0.020836028006467
466,2010-06-16,0.0005016922795517686
467,2010-06-17,0.0023236789994018903
468,2010-06-18,0.0014987683756588766
469,2010-06-21,-0.0009614774930971626
470,2010-06-22,-0.014214841215300367
471,2010-06-23,0.0004994146772547836
472,2010-06-24,-0.014011765656582464
473,2010-06-25,-0.0009524713254265293
474,2010-06-28,-0.0004466382485638354
475,2010-06-29,-0.026186588535292765
476,2010-06-30,-0.009557870370399457
477,2010-07-01,-0.004168436966848987
478,2010-07-02,-0.004731534627511191
479,2010-07-06,0.005898907057405145
480,2010-07-07,0.02818871761233699
481,2010-07-08,0.01195003131930994
482,2010-07-09,0.005823068928700215
483,2010-07-12,0.0016696632895487618
484,2010-07-13,0.014237241684773805
485,2010-07-14,-0.0004088564622702906
486,2010-07-15,-0.0007514193259259283
487,2010-07-16,-0.024941561493249997
488,2010-07-19,0.0055762429390400214
489,2010-07-20,0.007730842042168673
490,2010-07-21,-0.010315769266840413
491,2010-07-22,0.01980774619532788
492,2010-07-23,0.010024063132074934
493,2010-07-26,0.009713940463143667
494,2010-07-27,0.001179080905981733
495,2010-07-28,-0.0037135661700021805
496,2010-07-29,-0.003026998220619581
497,2010-07-30,7.166615887377326e-05
498,2010-08-02,0.019635409231771206
499,2010-08-03,-0.003516987130719018
500,2010-08-04,0.004725169054071721
501,2010-08-05,-0.0004391009304827165
502,2010-08-06,-0.0014050864713567313
503,2010-08-09,0.004141854192397432
504,2010-08-10,-0.004896858503372736
505,2010-08-11,-0.023795570897154117
506,2010-08-12,-0.004017715704228486
507,2010-08-13,-0.001664645110200813
508,2010-08-16,-0.0001029349473394836
509,2010-08-17,0.01050918776743548
510,2010-08-18,0.0016300474635779771
511,2010-08-19,-0.013441399340554328
512,2010-08-20,-0.00558470071802053
513,2010-08-23,-0.0040232559061115225
514,2010-08-24,-0.01303440094580377
515,2010-08-25,0.0019829562531101796
516,2010-08-26,-0.007364965667680412
517,2010-08-27,0.016877145900561663
518,2010-08-30,-0.01339002875691464
519,2010-08-31,0.0008294480008532723
520,2010-09-01,0.02530548261448251
521,2010-09-02,0.00487041294908197
522,2010-09-03,0.012207977484055554
523,2010-09-07,-0.010157117680116179
524,2010-09-08,0.004693096467841329
525,2010-09-09,0.002608800701405567
526,2010-09-10,0.004585666847467973
527,2010-09-13,0.008177985313291503
528,2010-09-14,-0.0017297962288957969
529,2010-09-15,0.0043994584429614125
530,2010-09-16,0.00218318424101982
531,2010-09-17,0.0011608462256669227
532,2010-09-20,0.013719734195995814
533,2010-09-21,0.0007105317718512083
534,2010-09-22,-0.002025885925047599
535,2010-09-23,-0.007082989741385992
536,2010-09-24,0.018366744320593487
537,2010-09-27,-0.004418977921204603
538,2010-09-28,0.00453038728721733
539,2010-09-29,-0.0020906462361771627
540,2010-09-30,-0.004428761228943201
541,2010-10-01,0.003703521686481359
542,2010-10-04,-0.007164203105704092
543,2010-10-05,0.01785021632795325
544,2010-10-06,0.002821701055790049
545,2010-10-07,-0.0018079263738283169
546,2010-10-08,0.005295745444581446
547,2010-10-11,0.00030981900463289413
548,2010-10-12,0.0008728122111092418
549,2010-10-13,0.006646190714026945
550,2010-10-14,-0.0002180701207239455
551,2010-10-15,-0.002994724563222695
552,2010-10-18,0.007327421043396454
553,2010-10-19,-0.014451102162589491
554,2010-10-20,0.012160003508403294
555,2010-10-21,0.0037216734738849677
556,2010-10-22,-0.0012426050904420505
557,2010-10-25,0.00275292479598388
558,2010-10-26,0.0005661770074811834
559,2010-10-27,-0.0037713653276562065
560,2010-10-28,-0.0012033108710363116
561,2010-10-29,-0.00017624835016838425
562,2010-11-01,0.00038850679170154834
563,2010-11-02,0.005707752436195923
564,2010-11-03,0.0027045440198223414
565,2010-11-04,0.01945228257939391
566,2010-11-05,0.0007748299736716202
567,2010-11-08,-0.002858523584734818
568,2010-11-09,-0.0049843816532831875
569,2010-11-10,0.001254580614457046
570,2010-11-11,-0.003848504668631625
571,2010-11-12,-0.007862600064310943
572,2010-11-15,0.0007102181640814553
573,2010-11-16,-0.015292968281228725
574,2010-11-17,-0.0009030993334948612
575,2010-11-18,0.015507051127729099
576,2010-11-19,0.0020374513522383175
577,2010-11-22,-0.002060415838239571
578,2010-11-23,-0.012635046605738554
579,2010-11-24,0.013583937205155161
580,2010-11-26,-0.008193310054991687
581,2010-11-29,-0.0028203239878199504
582,2010-11-30,-0.0039548691803664715
583,2010-12-01,0.02258059415581415
584,2010-12-02,0.00945994430948871
585,2010-12-03,0.0017787515101475027
586,2010-12-06,-0.0016816705840907442
587,2010-12-07,-0.00041266412011353726
588,2010-12-08,0.001587947781737542
589,2010-12-09,-3.3495624232493526e-05
590,2010-12-10,0.003540943805275143
591,2010-12-13,0.0019637997094241744
592,2010-12-14,0.004138490751055324
593,2010-12-15,-0.001583347121148715
594,2010-12-16,0.00360626335866554
595,2010-12-17,-0.0006182592333924264
596,2010-12-20,-0.0011460776607943313
597,2010-12-21,0.004774183970487789
598,2010-12-22,0.0023690521545196574
599,2010-12-23,0.0012440301685945343
600,2010-12-27,-0.001536299106319694
601,2010-12-28,0.001794945334407716
602,2010-12-29,0.0010921915418842243
603,2010-12-30,-0.0013525600505334134
604,2010-12-31,0.000707014835331865
605,2011-01-03,0.008060538004970752
606,2011-01-04,0.0017375949001876556
607,2011-01-05,0.0029327092757553963
608,2011-01-06,-0.001674510176509325
609,2011-01-07,-0.0018894459996029456
610,2011-01-10,-0.0029890878321140457
611,2011-01-11,0.002867215620464103
612,2011-01-12,0.007008992256039459
613,2011-01-13,-0.0018547183983197435
614,2011-01-14,0.004709289834922359
615,2011-01-18,0.004591836481492972
616,2011-01-19,-0.0007537403873513204
617,2011-01-20,-7.615128810345428e-05
618,2011-01-21,0.004135148012437417
619,2011-01-24,0.009019284723455367
620,2011-01-25,-0.00027787617985886026
621,2011-01-26,0.0005502048372865165
622,2011-01-27,0.00037293213292954874
623,2011-01-28,-0.013899511950214327
624,2011-01-31,0.005711926112941024
625,2011-02-01,0.012416241833087982
626,2011-02-02,0.0003073694263509008
627,2011-02-03,0.0017922641046175247
628,2011-02-04,0.0025220197116972987
629,2011-02-07,0.005726746981986164
630,2011-02-08,0.0066199441037062545
631,2011-02-09,0.000866739521770965
632,2011-02-10,-0.0008472553051169784
633,2011-02-11,0.0037193580506529322
634,2011-02-14,0.00011089678354969656
635,2011-02-15,-0.0032698434385636244
636,2011-02-16,0.005595831252563466
637,2011-02-17,0.0024756359744402268
638,2011-02-18,0.005891876189521028
639,2011-02-22,-0.014281993944829763
640,2011-02-23,-0.008682521324315018
641,2011-02-24,-0.002979007190758942
642,2011-02-25,0.005764108472431362
643,2011-02-28,0.007904871415203019
644,2011-03-01,-0.013779154914916547
645,2011-03-02,0.0007845811034934425
646,2011-03-03,0.015759883583773338
647,2011-03-04,-0.007260043401144722
648,2011-03-07,-0.006660009254632171
649,2011-03-08,0.010633058667347095
650,2011-03-09,0.00015802659004937603
651,2011-03-10,-0.01857434729554175
652,2011-03-11,0.005630847078023304
653,2011-03-14,-0.004066533700913699
654,2011-03-15,-0.011116352430496579
655,2011-03-16,-0.020321943786777652
656,2011-03-17,0.01374960940997827
657,2011-03-18,0.00690222223416348
658,2011-03-21,0.014875065725695524
659,2011-03-22,-0.0014738857170023545
660,2011-03-23,0.005626301154905589
661,2011-03-24,0.006868190775967786
662,2011-03-25,0.004098354423023531
663,2011-03-28,-0.0019073875931742146
664,2011-03-29,0.006931766975631692
665,2011-03-30,0.005744270041440069
666,2011-03-31,-0.002512339126327978
667,2011-04-01,0.004520745694774453
668,2011-04-04,0.0020550696429404436
669,2011-04-05,-0.0006595415404961891
670,2011-04-06,0.003236533778686157
671,2011-04-07,-0.0013648275037405622
672,2011-04-08,-0.002402951176672663
673,2011-04-11,5.497902876983041e-05
674,2011-04-12,-0.009499115021688542
675,2011-04-13,0.0005985039336564579
676,2011-04-14,0.0012151479282926925
677,2011-04-15,0.004589158891625145
678,2011-04-18,-0.01119314128423865
679,2011-04-19,0.005352611470316404
680,2011-04-20,0.015227345384881907
681,2011-04-21,0.004205212340507414
682,2011-04-25,-0.002087827553952093
683,2011-04-26,0.009174829440476095
684,2011-04-27,0.007840508656751233
685,2011-04-28,0.005784850687406751
686,2011-04-29,0.0036886610796647012
687,2011-05-02,-0.00021856120188235018
688,2011-05-03,8.822813397091345e-05
689,2011-05-04,-0.006458541915583371
690,2011-05-05,-0.01096229971067586
691,2011-05-06,0.004608661883576781
692,2011-05-09,0.003707092887849095
693,2011-05-10,0.005930602973235555
694,2011-05-11,-0.00908842181323477
695,2011-05-12,0.0052224996123246825
696,2011-05-13,-0.007868867519447376
697,2011-05-16,-0.0036840224734399074
698,2011-05-17,-0.0049237201808699504
699,2011-05-18,0.007087954811982655
700,2011-05-19,0.003491660295552812
701,2011-05-20,-0.007352776579512166
702,2011-05-23,-0.010398596342819255
703,2011-05-24,-0.0020482338153360313
704,2011-05-25,0.003173495128155457
705,2011-05-26,0.0008981774879563975
706,2011-05-27,0.003510267695866709
707,2011-05-31,0.010157163157059168
708,2011-06-01,-0.022218266770990036
709,2011-06-02,-0.003341078018256005
710,2011-06-03,-0.007882235220777356
711,2011-06-06,-0.005039051058637778
712,2011-06-07,-0.0016021364859636344
713,2011-06-08,-0.0014361606091657375
714,2011-06-09,0.006215263135786575
715,2011-06-10,-0.014207963688089187
716,2011-06-13,0.0006395511007326604
717,2011-06-14,0.01043649103459754
718,2011-06-15,-0.014728680483237055
719,2011-06-16,0.0054967160448915475
720,2011-06-17,0.0034858631321299516
721,2011-06-20,0.006339372979416558
722,2011-06-21,0.008995672438244506
723,2011-06-22,-0.006566197165977172
724,2011-06-23,-0.004818956413071396
725,2011-06-24,-0.009515965635447876
726,2011-06-27,0.009124634683900235
727,2011-06-28,0.012050495466599198
728,2011-06-29,0.0060545027793244
729,2011-06-30,0.012403094375012857
730,2011-07-01,0.013567349461711675
731,2011-07-05,0.0
732,2011-07-06,0.005058703056088909
733,2011-07-07,0.007306413328441286
734,2011-07-08,-0.004772815805583419
735,2011-07-11,-0.011841407186258479
736,2011-07-12,-0.004690733532263458
737,2011-07-13,0.0035574114065040074
738,2011-07-14,-0.004355763850455219
739,2011-07-15,0.0034260625932007738
740,2011-07-18,-0.007210372771217943
741,2011-07-19,0.01625941843844858
742,2011-07-20,-0.0009353013023070123
743,2011-07-21,0.012520009842688529
744,2011-07-22,-0.003422459540019074
745,2011-07-25,-0.006855034959086126
746,2011-07-26,-0.007212471859872727
747,2011-07-27,-0.015671590346810427
748,2011-07-28,-0.0050081920550326675
749,2011-07-29,-0.007853361224411715
750,2011-08-01,-0.0009658498663295267
751,2011-08-02,-0.021694510627549013
752,2011-08-03,0.002756314227640111
753,2011-08-04,-0.04289445553429683
754,2011-08-05,0.005325894854185886
755,2011-08-08,-0.05458141654089199
756,2011-08-09,0.039669127650828306
757,2011-08-10,-0.045249338261489136
758,2011-08-11,0.03853362125907123
759,2011-08-12,0.011267556974174475
760,2011-08-15,0.018904492020005215
761,2011-08-16,-0.006493698691557803
762,2011-08-17,0.0015976281072300758
763,2011-08-18,-0.03644394443514043
764,2011-08-19,-0.015660011283241237
765,2011-08-22,0.0031681239762899605
766,2011-08-23,0.02968145111877618
767,2011-08-24,0.012968194117966014
768,2011-08-25,-0.015122243940239755
769,2011-08-26,0.01208268144509983
770,2011-08-29,0.02238038747097404
771,2011-08-30,0.00241241750502752
772,2011-08-31,0.004588892662571897
773,2011-09-01,-0.010309687600457251
774,2011-09-02,-0.02191076390321911
775,2011-09-06,-0.008721817654792852
776,2011-09-07,0.024891334324473435
777,2011-09-08,-0.01042945584342092
778,2011-09-09,-0.02678003085288483
779,2011-09-12,0.006470453849822366
780,2011-09-13,0.004600580726302317
781,2011-09-14,0.01259588829733782
782,2011-09-15,0.01648867197097803
783,2011-09-16,0.006592775508309945
784,2011-09-19,-0.009195463484352406
785,2011-09-20,0.0006306580793677963
786,2011-09-21,-0.02487077550931671
787,2011-09-22,-0.03489151414748859
788,2011-09-23,0.0036067985889558507
789,2011-09-26,0.025258599052747188
790,2011-09-27,0.013169481742210332
791,2011-09-28,-0.015926144571692502
792,2011-09-29,0.012820586745048157
793,2011-09-30,-0.021425176314465944
794,2011-10-03,-0.023533491555392194
795,2011-10-04,0.014765095109300574
796,2011-10-05,0.01291429646354314
797,2011-10-06,0.01676984818265015
798,2011-10-07,-0.0018240844053615257
799,2011-10-10,0.029593259951326445
800,2011-10-11,-0.0014432160346919964
801,2011-10-12,0.008889029852002794
802,2011-10-13,-0.003469321870311348
803,2011-10-14,0.014419456705306644
804,2011-10-17,-0.021157967189233795
805,2011-10-18,0.015871988943479742
806,2011-10-19,-0.006298395147359637
807,2011-10-20,0.003447221549689017
808,2011-10-21,0.023006606326553936
809,2011-10-24,0.008948214285023015
810,2011-10-25,-0.01729339096600213
811,2011-10-26,0.013775502420912966
812,2011-10-27,0.02834210749745103
813,2011-10-28,0.0019472307893257934
814,2011-10-31,-0.022422523032650465
815,2011-11-01,-0.0245634078058784
816,2011-11-02,0.0152292279220001
817,2011-11-03,0.017648455696180676
818,2011-11-04,-0.004996086757870888
819,2011-11-07,0.007124257519496524
820,2011-11-08,0.009511009185888541
821,2011-11-09,-0.03168233401928311
822,2011-11-10,0.009662969989211234
823,2011-11-11,0.021636966269548807
824,2011-11-14,-0.006090638607751164
825,2011-11-15,0.0015102131921553852
826,2011-11-16,-0.014824513107527748
827,2011-11-17,-0.011334049564959758
828,2011-11-18,0.0023094342854583783
829,2011-11-21,-0.021045244952869857
830,2011-11-22,-0.004216624328605478
831,2011-11-23,-0.02046426041234406
832,2011-11-25,-0.00179787664020159
833,2011-11-28,0.02586608698366799
834,2011-11-29,0.0028308677734745213
835,2011-11-30,0.042079662187608946
836,2011-12-01,-0.0021732717663695
837,2011-12-02,-0.0002453921291135641
838,2011-12-05,0.006346111958409839
839,2011-12-06,0.004329721063834224
840,2011-12-07,0.00427850841107591
841,2011-12-08,-0.016252166379110866
842,2011-12-09,0.015690981826184336
843,2011-12-12,-0.013109710220887028
844,2011-12-13,-0.005301732903079781
845,2011-12-14,-0.01056420241512157
846,2011-12-15,0.003680208337932589
847,2011-12-16,-0.00032521235862759124
848,2011-12-19,-0.008450674979431527
849,2011-12-20,0.02841058304746147
850,2011-12-21,0.00034371284968504057
851,2011-12-22,0.005125755645807084
852,2011-12-23,0.010198959907022909
853,2011-12-27,-0.00017245887833783335
854,2011-12-28,-0.011184078036022504
855,2011-12-29,0.011085926270966384
856,2011-12-30,-0.005593287917338152
857,2012-01-03,0.014416717750138197
858,2012-01-04,0.002094819033646056
859,2012-01-05,-0.00021900749186143376
860,2012-01-06,-0.0038307849117261705
861,2012-01-09,0.0027008676990361025
862,2012-01-10,0.005483069704493193
863,2012-01-11,-0.000808164068842876
864,2012-01-12,0.0016955443642159285
865,2012-01-13,-0.003841262614299512
866,2012-01-17,0.004745200436348629
867,2012-01-18,0.008357703590725407
868,2012-01-19,0.0036404313684730294
869,2012-01-20,0.007656185991320896
870,2012-01-23,-0.000898542717320816
871,2012-01-24,-0.002566821449145884
872,2012-01-25,0.006724176639741675
873,2012-01-26,-0.0017504231469148701
874,2012-01-27,-0.005771204761650051
875,2012-01-30,-0.0004305333630546526
876,2012-01-31,-0.001728209935550007
877,2012-02-01,0.00662564606233329
878,2012-02-02,-0.0008752288724657165
879,2012-02-03,0.012372289226754152
880,2012-02-06,-0.001212206185262743
881,2012-02-07,0.0026338448434479744
882,2012-02-08,0.0014115072564491182
883,2012-02-09,0.00046954458347348016
884,2012-02-10,-0.006852010918623419
885,2012-02-13,0.0058542886918926396
886,2012-02-14,0.0005058156133326275
887,2012-02-15,-0.006506216139270715
888,2012-02-16,0.009723971810325027
889,2012-02-17,0.0036068238755939674
890,2012-02-21,0.001262657880399809
891,2012-02-22,-0.002124736860862564
892,2012-02-23,0.003680146656969585
893,2012-02-24,0.00013481033908369078
894,2012-02-27,2.9264247675131472e-05
895,2012-02-28,0.0021869808972243554
896,2012-02-29,-0.004102105915838483
897,2012-03-01,0.0021625338774582392
898,2012-03-02,-0.00024495410511715665
899,2012-03-05,-0.0011196650603797487
900,2012-03-06,-0.015395121712563187
901,2012-03-07,0.006366352798118591
902,2012-03-08,0.005641384146965578
903,2012-03-09,0.0010380206310629525
904,2012-03-12,0.003028492742878086
905,2012-03-13,0.01733004119604753
906,2012-03-14,0.0012862582194992367
907,2012-03-15,0.004531962115977395
908,2012-03-16,-0.0015761597772077085
909,2012-03-19,0.0005433407925339306
910,2012-03-20,-0.005156174929432433
911,2012-03-21,-0.0035054785524092358
912,2012-03-22,-0.005962995692638695
913,2012-03-23,0.002662905182119424
914,2012-03-26,0.01215427525816315
915,2012-03-27,-0.00334987721142066
916,2012-03-28,-0.005242716497612876
917,2012-03-29,0.0015107491051329358
918,2012-03-30,0.004875258550285366
919,2012-04-02,0.004021530000274165
920,2012-04-03,-0.004480755366540801
921,2012-04-04,-0.009352829893969128
922,2012-04-05,-0.0005387574188226996
923,2012-04-09,-0.009801246705321898
924,2012-04-10,-0.01651353306091996
925,2012-04-11,0.0069568517017197795
926,2012-04-12,0.01406555917191854
927,2012-04-13,-0.010519655399475303
928,2012-04-16,0.005488361391759788
929,2012-04-17,0.01499405263630127
930,2012-04-18,-0.006238072240499881
931,2012-04-19,-0.004960641418884193
932,2012-04-20,0.004996675119754768
933,2012-04-23,-0.007754737529960143
934,2012-04-24,0.0057078708607123385
935,2012-04-25,0.007157371342317642
936,2012-04-26,0.008747807460806056
937,2012-04-27,0.001787952369334267
938,2012-04-30,-0.0011097175283296679
939,2012-05-01,0.00493108568616929
940,2012-05-02,-0.0007184787403550219
941,2012-05-03,-0.004597670015220268
942,2012-05-04,-0.01259790774183922
943,2012-05-07,-0.0020957081294601387
944,2012-05-08,-0.005279751408097555
945,2012-05-09,-0.006713456000884244
946,2012-05-10,0.001828298686318508
947,2012-05-11,-0.0024269327389685458
948,2012-05-14,-0.009606484285753059
949,2012-05-15,-0.004966487407963349
950,2012-05-16,-0.0014876777743485503
951,2012-05-17,-0.012369115417042553
952,2012-05-18,-0.005918149354064539
953,2012-05-21,0.010940935611751357
954,2012-05-22,-0.0002055365789802588
955,2012-05-23,-0.0004294789914687236
956,2012-05-24,0.003029147946747468
957,2012-05-25,-0.006057914742660708
958,2012-05-29,0.01010534477080638
959,2012-05-30,-0.012652749175543043
960,2012-05-31,-0.001688357379578842
961,2012-06-01,-0.02203025829459815
962,2012-06-04,-0.0015173165173885117
963,2012-06-05,0.0022204726211876302
964,2012-06-06,0.023900209402061723
965,2012-06-07,0.003578269212342944
966,2012-06-08,0.007494747791094047
967,2012-06-11,-0.011357436976001445
968,2012-06-12,0.013030017469659372
969,2012-06-13,-0.0055704188996146264
970,2012-06-14,0.012323721231179752
971,2012-06-15,0.009086156596701978
972,2012-06-18,-0.0019737746103397624
973,2012-06-19,0.007274438951407891
974,2012-06-20,-0.0009900960019886273
975,2012-06-21,-0.019459358860853482
976,2012-06-22,0.005245399883532009
977,2012-06-25,-0.01084982761718678
978,2012-06-26,0.0024872583769255385
979,2012-06-27,0.0075066309587676905
980,2012-06-28,-0.0019000284328285488
981,2012-06-29,0.02185632574979146
982,2012-07-02,-0.000646001581184219
983,2012-07-03,0.005875057197920697
984,2012-07-05,-0.0034909760478581964
985,2012-07-06,-0.009071846668806005
986,2012-07-09,-0.002797481785341671
987,2012-07-10,-0.006341355711819041
988,2012-07-11,-0.0038338427643064277
989,2012-07-12,-0.0023360396368008463
990,2012-07-13,0.01617335249084384
991,2012-07-16,-0.003844618658106036
992,2012-07-17,0.0060343464878185316
993,2012-07-18,0.008730163046715145
994,2012-07-19,0.0026143314228512793
995,2012-07-20,-0.009280101099261695
996,2012-07-23,-0.007721275968811558
997,2012-07-24,-0.008144795902593316
998,2012-07-25,0.00461890462151926
999,2012-07-26,0.016350962104346056
1000,2012-07-27,0.01448920023025102
1001,2012-07-30,-0.00017895070265583346
1002,2012-07-31,-0.004822627803883317
1003,2012-08-01,-0.002409372818677147
1004,2012-08-02,-0.0070024989502079915
1005,2012-08-03,0.01640299242692289
1006,2012-08-06,0.0013458049354238
1007,2012-08-07,0.0038074966944976474
1008,2012-08-08,0.0013330222084655396
1009,2012-08-09,-0.0007241164456796012
1010,2012-08-10,0.003403425674649352
1011,2012-08-13,-0.0026883899300320646
1012,2012-08-14,0.0003059889302483576
1013,2012-08-15,0.0005556194429237049
1014,2012-08-16,0.006599447890924148
1015,2012-08-17,0.001811156698776406
1016,2012-08-20,-0.00022150832513889718
1017,2012-08-21,-0.005162674559309077
1018,2012-08-22,-0.0019358391212519477
1019,2012-08-23,-0.008648314866877671
1020,2012-08-24,0.00805568547537061
1021,2012-08-27,-0.002513373224571458
1022,2012-08-28,-0.001505021028217035
1023,2012-08-29,0.00030682796848813254
1024,2012-08-30,-0.007677112536291553
1025,2012-08-31,0.006777052712827469
1026,2012-09-04,-0.004293409357613243
1027,2012-09-05,0.0008737761964139334
1028,2012-09-06,0.018916456216424127
1029,2012-09-07,0.0012874326367096067
1030,2012-09-10,-0.004077791493102945
1031,2012-09-11,0.005187689181747057
1032,2012-09-12,0.0008804853986965622
1033,2012-09-13,0.015765563663039828
1034,2012-09-14,0.0039119763426793686
1035,2012-09-17,-0.002610333698510936
1036,2012-09-18,0.0009082991580895428
1037,2012-09-19,0.0009251327350725536
1038,2012-09-20,0.001602909291377408
1039,2012-09-21,-0.0013069201318929302
1040,2012-09-24,-0.001394159424733532
1041,2012-09-25,-0.0075494632408492635
1042,2012-09-26,-0.003352504481677898
1043,2012-09-27,0.005405014621538751
1044,2012-09-28,-0.0036156135244090892
1045,2012-10-01,0.005763666821520186
1046,2012-10-02,-0.002437197359677734
1047,2012-10-03,0.0011425292019753286
1048,2012-10-04,0.005941429892282191
1049,2012-10-05,0.00301939424062847
1050,2012-10-08,-0.0004127800260346204
1051,2012-10-09,-0.008050546786978696
1052,2012-10-10,-0.009541712037981931
1053,2012-10-11,-0.0014903497149119094
1054,2012-10-12,0.0002423520985623817
1055,2012-10-15,0.007103803261249153
1056,2012-10-16,0.00953083696519097
1057,2012-10-17,0.0012829092929496078
1058,2012-10-18,-0.00031725284328787406
1059,2012-10-19,-0.014899623031541576
1060,2012-10-22,0.00012060410655911902
1061,2012-10-23,-0.018162002779987585
1062,2012-10-24,-0.001998730758379308
1063,2012-10-25,0.001837974183308333
1064,2012-10-26,0.00022818863406559586
1065,2012-10-31,-0.0008377279346521993
1066,2012-11-01,0.010186101783390855
1067,2012-11-02,-0.010539104105379393
1068,2012-11-05,0.0015398507043555831
1069,2012-11-06,0.0101258526367769
1070,2012-11-07,-0.022339310427736625
1071,2012-11-08,-0.009393879755394852
1072,2012-11-09,0.0003293786614098071
1073,2012-11-12,-6.62932788086934e-05
1074,2012-11-13,-0.004101136895124036
1075,2012-11-14,-0.01377549071848172
1076,2012-11-15,-0.002284583440850252
1077,2012-11-16,0.003667586080798646
1078,2012-11-19,0.01634040715192242
1079,2012-11-20,-0.00018606070926219243
1080,2012-11-21,0.0037948020437514884
1081,2012-11-23,0.013745702849440988
1082,2012-11-26,-0.0031579532829967283
1083,2012-11-27,-0.0065762170644860785
1084,2012-11-28,0.00850842881075664
1085,2012-11-29,0.0034267939402015113
1086,2012-11-30,0.0002710996389096998
1087,2012-12-03,-0.00476912384300876
1088,2012-12-04,-0.0011313753401571702
1089,2012-12-05,0.006605184760598792
1090,2012-12-06,0.0036733386677503255
1091,2012-12-07,0.006292402912580597
1092,2012-12-10,0.001139518110840232
1093,2012-12-11,0.005930035741301021
1094,2012-12-12,-0.00034713907250860654
1095,2012-12-13,-0.005336313633801604
1096,2012-12-14,-0.0027173778001252646
1097,2012-12-17,0.00762987662855763
1098,2012-12-18,0.00863888910824695
1099,2012-12-19,-0.007420419061781258
1100,2012-12-20,0.004910653423315647
1101,2012-12-21,-0.00894897045104981
1102,2012-12-24,-0.003883253903984918
1103,2012-12-26,-0.0018464146954983995
1104,2012-12-27,-0.0014228135777991646
1105,2012-12-28,-0.011986923719826126
1106,2012-12-31,0.012826308199577197
1107,2013-01-02,0.023522813472444115
1108,2013-01-03,-0.0016140608541773682
1109,2013-01-04,0.0032977366706166134
1110,2013-01-07,-0.0038582422506641123
1111,2013-01-08,-0.0036307683606553454
1112,2013-01-09,0.0045454019494897135
1113,2013-01-10,0.005928948652996313
1114,2013-01-11,0.001260405728724212
1115,2013-01-14,0.0014005057991892667
1116,2013-01-15,0.0020410662783725275
1117,2013-01-16,-0.0017480141778247749
1118,2013-01-17,0.006275450795879767
1119,2013-01-18,0.003948263230837856
1120,2013-01-22,0.004579570621111584
1121,2013-01-23,0.004894916077780254
1122,2013-01-24,0.003338333557553863
1123,2013-01-25,0.005110213687586684
1124,2013-01-28,-0.001011139950242823
1125,2013-01-29,0.005221913352771335
1126,2013-01-30,-0.003153122827458499
1127,2013-01-31,-0.0035829144108852073
1128,2013-02-01,0.010765058905206182
1129,2013-02-04,-0.009258522835739469
1130,2013-02-05,0.007148354075944052
1131,2013-02-06,0.0005164583420278479
1132,2013-02-07,-0.003036475651134518
1133,2013-02-08,0.0035083008655389936
1134,2013-02-11,-0.0015528864439742218
1135,2013-02-12,0.003396975515781442
1136,2013-02-13,-0.002553021214674711
1137,2013-02-14,-0.000680867422717113
1138,2013-02-15,0.0005990041221815012
1139,2013-02-19,0.0038557489831212433
1140,2013-02-20,-0.0077039345895784095
1141,2013-02-21,-0.003368859243528588
1142,2013-02-22,0.008641558805654093
1143,2013-02-25,-0.015456541067796481
1144,2013-02-26,0.008412545815684291
1145,2013-02-27,0.01260709327718712
1146,2013-02-28,-0.0014834340288344405
1147,2013-03-01,0.0025023975551186073
1148,2013-03-04,0.0027083801580374267
1149,2013-03-05,0.008914978830316889
1150,2013-03-06,0.002979612018254807
1151,2013-03-07,0.0023257863225412123
1152,2013-03-08,0.004716153673049117
1153,2013-03-11,0.0034881907160055903
1154,2013-03-12,0.0001916989963186566
1155,2013-03-13,0.0003612928358327494
1156,2013-03-14,0.0058012970635121786
1157,2013-03-15,-0.0017215114928371689
1158,2013-03-18,-0.004275203956365936
1159,2013-03-19,0.00026022187230712035
1160,2013-03-20,0.0038676571646085733
1161,2013-03-21,-0.00621843378312259
1162,2013-03-22,0.006278133364230332
1163,2013-03-25,-0.004429447278620491
1164,2013-03-26,0.0077451776920280935
1165,2013-03-27,-0.0023002087344556887
1166,2013-03-28,0.0036059001441177685
1167,2013-04-01,-0.00039032920887649425
1168,2013-04-02,0.006118237640010626
1169,2013-04-03,-0.007615610600596456
1170,2013-04-04,0.003832261388792446
1171,2013-04-05,-0.0027974834514656877
1172,2013-04-08,0.0033113382193921126
1173,2013-04-09,0.004104394714677273
1174,2013-04-10,0.008776408109762768
1175,2013-04-11,0.00424931719831978
1176,2013-04-12,-5.386965874154548e-06
1177,2013-04-15,-0.017884850965316335
1178,2013-04-16,0.010793747321443448
1179,2013-04-17,-0.009364537957703534
1180,2013-04-18,-0.005571686248070806
1181,2013-04-19,0.0007133534004006847
1182,2013-04-22,0.0013514447707021482
1183,2013-04-23,0.010454332572177094
1184,2013-04-24,-0.0029321833894964122
1185,2013-04-25,0.0016693581028954796
1186,2013-04-26,0.0007992762404671616
1187,2013-04-29,0.007218340560105174
1188,2013-04-30,0.0014204845212990591
1189,2013-05-01,-0.009356568944630772
1190,2013-05-02,0.008885812227595435
1191,2013-05-03,0.009599778462660025
1192,2013-05-06,-0.00033860869223700796
1193,2013-05-07,0.005832800498443591
1194,2013-05-08,0.0032491545918900133
1195,2013-05-09,-0.0014895611438850986
1196,2013-05-10,0.0023782417591735605
1197,2013-05-13,-0.001438472173220906
1198,2013-05-14,0.008187976060627378
1199,2013-05-15,0.004195428471919449
1200,2013-05-16,-0.002664685634587771
1201,2013-05-17,0.007853781059748322
1202,2013-05-20,-0.0008502426605163649
1203,2013-05-21,0.003430743714307294
1204,2013-05-22,-0.00519591674023967
1205,2013-05-23,-0.00039673762978875704
1206,2013-05-24,0.0008082914764662164
1207,2013-05-28,0.006667365861972252
1208,2013-05-29,-0.006307857192146327
1209,2013-05-30,0.0012093766091509917
1210,2013-05-31,-0.01348691107959088
1211,2013-06-03,0.008627635025003189
1212,2013-06-04,-0.0050920071549359625
1213,2013-06-05,-0.013680669981681493
1214,2013-06-06,0.005694908604521487
1215,2013-06-07,0.013537219450079796
1216,2013-06-10,-0.0006046590467747581
1217,2013-06-11,-0.007179937263731451
1218,2013-06-12,-0.00893296089158313
1219,2013-06-13,0.012242090968078934
1220,2013-06-14,-0.007108961703028438
1221,2013-06-17,0.006707447007176848
1222,2013-06-18,0.008687479221012318
1223,2013-06-19,-0.013272808514755208
1224,2013-06-20,-0.02298429244549327
1225,2013-06-21,0.002627279456595355
1226,2013-06-24,-0.009207380521142228
1227,2013-06-25,0.00617730417914486
1228,2013-06-26,0.00948879530586133
1229,2013-06-27,0.006916964168735662
1230,2013-06-28,-0.0071241566617908925
1231,2013-07-01,0.0042490647322477315
1232,2013-07-02,-0.0028413969126339644
1233,2013-07-03,0.004331333116359248
1234,2013-07-05,0.009361492302676577
1235,2013-07-08,0.005778518418674938
1236,2013-07-09,0.004720101913396446
1237,2013-07-10,-0.0004164011239565779
1238,2013-07-11,0.010649753039613019
1239,2013-07-12,0.000233454968673108
1240,2013-07-15,0.0015892514867128504
1241,2013-07-16,-0.0021427574512302705
1242,2013-07-17,0.0008798395196862874
1243,2013-07-18,0.005342710656310201
1244,2013-07-19,0.0012542105740382947
1245,2013-07-22,0.0001016521537129389
1246,2013-07-23,0.0013340344761048062
1247,2013-07-24,-0.0022116505527804975
1248,2013-07-25,0.001057999242078278
1249,2013-07-26,0.0007062371502257747
1250,2013-07-29,-0.002260693276255221
1251,2013-07-30,-0.0008948082486528453
1252,2013-07-31,-0.0018694749366313657
1253,2013-08-01,0.008008973586012935
1254,2013-08-02,0.001970927185529936
1255,2013-08-05,-0.002546041127442389
1256,2013-08-06,-0.005746903183715402
1257,2013-08-07,-0.002934997600217315
1258,2013-08-08,0.0013601094791193535
1259,2013-08-09,-0.004589392502560963
1260,2013-08-12,0.0002893219220343468
1261,2013-08-13,0.001966844433167303
1262,2013-08-14,-0.007124020665706388
1263,2013-08-15,-0.014382293251545941
1264,2013-08-16,-0.002057928225174477
1265,2013-08-19,-0.0043808930700196536
1266,2013-08-20,-0.0005882083462550591
1267,2013-08-21,-0.00641996715715254
1268,2013-08-22,0.003698578434336186
1269,2013-08-23,0.0014497172287690763
1270,2013-08-26,-0.0045369312126025685
1271,2013-08-27,-0.010918895995448152
1272,2013-08-28,0.0036232866688115095
1273,2013-08-29,0.00155487776329033
1274,2013-08-30,-0.002276327961280633
1275,2013-09-03,0.002189646113210042
1276,2013-09-04,0.006637500523699158
1277,2013-09-05,0.0005351981129135819
1278,2013-09-06,-0.0012749550915812646
1279,2013-09-09,0.00910618027132637
1280,2013-09-10,0.008218438103457126
1281,2013-09-11,0.008718480559272601
1282,2013-09-12,-0.0017289592584522895
1283,2013-09-13,0.004127198743227867
1284,2013-09-16,0.007373855004004781
1285,2013-09-17,0.0017144952690022475
1286,2013-09-18,0.009264783140875643
1287,2013-09-19,-0.002634960770953154
1288,2013-09-20,-0.011768400555153269
1289,2013-09-23,-0.0032959271731700657
1290,2013-09-24,-0.004411622682229277
1291,2013-09-25,-0.004287090505824098
1292,2013-09-26,0.003527458540169892
1293,2013-09-27,-0.003865523324458109
1294,2013-09-30,-0.007878806932921978
1295,2013-10-01,0.003912770474945759
1296,2013-10-02,-0.0032610079086948796
1297,2013-10-03,-0.00864335347226608
1298,2013-10-04,0.005195202006371913
1299,2013-10-07,-0.008829844300785039
1300,2013-10-08,-0.01081197838393333
1301,2013-10-09,0.0016774745945671299
1302,2013-10-10,0.021590723437646675
1303,2013-10-11,0.007311055314036974
1304,2013-10-14,0.004591174089320305
1305,2013-10-15,-0.008646238353889668
1306,2013-10-16,0.013389618171147477
1307,2013-10-17,0.00014251834518286266
1308,2013-10-18,0.0018176526925686165
1309,2013-10-21,-0.0005921646206458187
1310,2013-10-22,0.0047706496530766085
1311,2013-10-23,-0.003362988885121543
1312,2013-10-24,0.006120054420436727
1313,2013-10-25,0.0029993163248764887
1314,2013-10-28,-1.6747306237463455e-05
1315,2013-10-29,0.00694439955991033
1316,2013-10-30,-0.0039526493695503095
1317,2013-10-31,-0.004748418837636548
1318,2013-11-01,0.0036984190050932675
1319,2013-11-04,0.0011471539815317566
1320,2013-11-05,-0.0008316689437577462
1321,2013-11-06,0.0075604501241306465
1322,2013-11-07,-0.009988318768088256
1323,2013-11-08,0.01091875681133292
1324,2013-11-11,0.0015114482125690998
1325,2013-11-12,-0.0014252364583315913
1326,2013-11-13,0.005218074462340017
1327,2013-11-14,0.004428636398140506
1328,2013-11-15,0.005387955157889479
1329,2013-11-18,0.0008331790714524168
1330,2013-11-19,-0.0004400444964661743
1331,2013-11-20,-0.004406674648160358
1332,2013-11-21,0.0064068061053965675
1333,2013-11-22,0.003501816831997573
1334,2013-11-25,2.8010980797521512e-05
1335,2013-11-26,0.0001163664477603632
1336,2013-11-27,0.0014906619349641659
1337,2013-11-29,-0.0011642231321130625
1338,2013-12-02,-0.00487039230329378
1339,2013-12-03,-0.0056295649993798325
1340,2013-12-04,-0.001303555656294586
1341,2013-12-05,-0.0040909095143676355
1342,2013-12-06,0.012299755294346904
1343,2013-12-09,0.0003770431463030466
1344,2013-12-10,-0.003182092597140529
1345,2013-12-11,-0.00796579540722897
1346,2013-12-12,-0.006651424372429271
1347,2013-12-13,0.0006160552116518669
1348,2013-12-16,0.007929814595583506
1349,2013-12-17,-0.0005540022033548864
1350,2013-12-18,0.018354053128196934
1351,2013-12-19,0.0010252313681418102
1352,2013-12-20,0.0026312174177975933
1353,2013-12-23,0.004274840264402835
1354,2013-12-24,0.003795455811035353
1355,2013-12-26,0.006652698881995711
1356,2013-12-27,-0.00048276154269799587
1357,2013-12-30,0.0011998716541026244
1358,2013-12-31,0.0038927939919073395
1359,2014-01-02,-0.007893976082536613
1360,2014-01-03,0.000795995385671544
1361,2014-01-06,-0.00297070152716139
1362,2014-01-07,0.006203652129555426
1363,2014-01-08,-0.003927956007519495
1364,2014-01-09,-0.00161797865195501
1365,2014-01-10,-0.0010069735939560731
1366,2014-01-13,-0.010714893092721
1367,2014-01-14,0.0068792390347220955
1368,2014-01-15,0.006344424712128038
1369,2014-01-16,-0.003683126642463508
1370,2014-01-17,0.0030802630326294267
1371,2014-01-21,-0.0027236979086810997
1372,2014-01-22,-0.002870843218564456
1373,2014-01-23,-0.010667036963980192
1374,2014-01-24,-0.020007028586152664
1375,2014-01-27,-0.0025927194955353006
1376,2014-01-28,0.005537567885532502
1377,2014-01-29,-0.011822006173001331
1378,2014-01-30,0.006706464839941084
1379,2014-01-31,-0.009360701611761946
1380,2014-02-03,-0.020696715000768418
1381,2014-02-04,0.004703758325028007
1382,2014-02-05,-0.00017933892378418914
1383,2014-02-06,0.011959481169318664
1384,2014-02-07,0.01045641340857828
1385,2014-02-10,0.0005166738780411073
1386,2014-02-11,0.012060083505852415
1387,2014-02-12,-0.0018195170479806677
1388,2014-02-13,0.005054220816424371
1389,2014-02-14,0.008509732086257493
1390,2014-02-18,-0.0014590429719951725
1391,2014-02-19,-0.005312518580500747
1392,2014-02-20,0.005552184181093933
1393,2014-02-21,-0.0020215839665591595
1394,2014-02-24,0.006512753795240078
1395,2014-02-25,-0.0017078489293385068
1396,2014-02-26,0.0011155378253220327
1397,2014-02-27,0.004627212202824582
1398,2014-02-28,0.00297909453764289
1399,2014-03-03,-0.009415661004099074
1400,2014-03-04,0.014011754522041286
1401,2014-03-05,-0.0021774475739986254
1402,2014-03-06,0.003748713773364054
1403,2014-03-07,0.0017164209390856389
1404,2014-03-10,-0.002092002225597245
1405,2014-03-11,-0.004150009373444674
1406,2014-03-12,-0.0006476703432041209
1407,2014-03-13,-0.014237337325791133
1408,2014-03-14,-0.002523878155441528
1409,2014-03-17,0.011256407557090009
1410,2014-03-18,0.005555898845645668
1411,2014-03-19,-0.006950419618802606
1412,2014-03-20,0.006723552417562839
1413,2014-03-21,-0.0018319638842257957
1414,2014-03-24,-0.0016309504930754892
1415,2014-03-25,0.005447422903936072
1416,2014-03-26,-0.006213519587258465
1417,2014-03-27,-0.00027288358675192637
1418,2014-03-28,0.003398747375578326
1419,2014-03-31,0.008174383292531395
1420,2014-04-01,0.0045302201938806075
1421,2014-04-02,0.002431482695067322
1422,2014-04-03,1.1549713331060474e-05
1423,2014-04-04,-0.009852099455758156
1424,2014-04-07,-0.010252146470661638
1425,2014-04-08,0.0006758623426648125
1426,2014-04-09,0.011122382776639794
1427,2014-04-10,-0.01624485030325673
1428,2014-04-11,-0.00878973706706776
1429,2014-04-14,0.009043397308590606
1430,2014-04-15,0.0055071190393249925
1431,2014-04-16,0.009751438128354106
1432,2014-04-17,-0.0009499165500478357
1433,2014-04-21,0.0024578142980591355
1434,2014-04-22,0.003950804140110842
1435,2014-04-23,-0.0007315172076155507
1436,2014-04-24,-0.00010544705870108029
1437,2014-04-25,-0.008592230081243213
1438,2014-04-28,0.005227586167780185
1439,2014-04-29,0.005117532881937281
1440,2014-04-30,0.0027808200818155715
1441,2014-05-01,-0.0012901260475944865
1442,2014-05-02,-0.0029856420931920757
1443,2014-05-05,0.0012599089023153098
1444,2014-05-06,-0.007793784035993623
1445,2014-05-07,0.007126041198777244
1446,2014-05-08,0.0019863318123889417
1447,2014-05-09,0.001939999268340875
1448,2014-05-12,0.006671787147427777
1449,2014-05-13,0.0011691198263521496
1450,2014-05-14,-0.006108452132529973
1451,2014-05-15,-0.01003453745540972
1452,2014-05-16,0.0026746141113276334
1453,2014-05-19,0.0013043850803660106
1454,2014-05-20,-0.008292005507207767
1455,2014-05-21,0.009580422391027632
1456,2014-05-22,0.0006254162258434448
1457,2014-05-23,0.0037341311896719187
1458,2014-05-27,0.004099377165131646
1459,2014-05-28,-0.002506796399414646
1460,2014-05-29,0.003666363288648
1461,2014-05-30,0.0011882045756610449
1462,2014-06-02,0.0016020512612364701
1463,2014-06-03,-0.0008579574031956083
1464,2014-06-04,0.0010484029306221387
1465,2014-06-05,0.0057929347851453095
1466,2014-06-06,0.005026156667164772
1467,2014-06-09,0.0010055211201631664
1468,2014-06-10,0.0003258205752287857
1469,2014-06-11,-0.005859550171627426
1470,2014-06-12,-0.00631163797230494
1471,2014-06-13,0.0024559600603912823
1472,2014-06-16,0.0009214853840817661
1473,2014-06-17,0.0017449745466691091
1474,2014-06-18,0.005979964747174771
1475,2014-06-19,0.000683655535082428
1476,2014-06-20,0.0015638279414895706
1477,2014-06-23,-0.000545259139055343
1478,2014-06-24,-0.006878706927513467
1479,2014-06-25,0.0029629579659289362
1480,2014-06-26,-0.0012260579996660192
1481,2014-06-27,0.00029319654567649955
1482,2014-06-30,-0.0015363085597739357
1483,2014-07-01,0.0075788568774537435
1484,2014-07-02,0.0015651768987117176
1485,2014-07-03,0.005257068496377748
1486,2014-07-07,-0.0023218198856234107
1487,2014-07-08,-0.006783579693106834
1488,2014-07-09,0.004065731977141995
1489,2014-07-10,-0.003844402412386261
1490,2014-07-11,0.0015072426959630292
1491,2014-07-14,0.00616427747169368
1492,2014-07-15,0.00033130350593957303
1493,2014-07-16,0.004471308446854616
1494,2014-07-17,-0.009142273105539944
1495,2014-07-18,0.007186852455086434
1496,2014-07-21,-0.002537503858468404
1497,2014-07-22,0.0034340932048448902
1498,2014-07-23,-0.001774778855378134
1499,2014-07-24,-0.0004808530662566701
1500,2014-07-25,-0.006963300330805944
1501,2014-07-28,0.0015144084484584042
1502,2014-07-29,-0.004252196151883991
1503,2014-07-30,-0.00234927559385234
1504,2014-07-31,-0.01815867107943092
1505,2014-08-01,-0.004125789093042398
1506,2014-08-04,0.004581052108288519
1507,2014-08-05,-0.007880448724245537
1508,2014-08-06,0.001110509855903885
1509,2014-08-07,-0.004864915171321149
1510,2014-08-08,0.011255565381347532
1511,2014-08-11,0.0007676953000128606
1512,2014-08-12,-0.00030253862767726236
1513,2014-08-13,0.00508595263814815
1514,2014-08-14,0.003377479987550558
1515,2014-08-15,-0.003236201375561132
1516,2014-08-18,0.010458852417473574
1517,2014-08-19,0.004782291552146267
1518,2014-08-20,0.004086424735660232
1519,2014-08-21,0.0032742442944382333
1520,2014-08-22,-0.0021744478177548876
1521,2014-08-25,0.003824319217537342
1522,2014-08-26,0.0015883834607324232
1523,2014-08-27,0.0006417187890574994
1524,2014-08-28,-0.0023067991898025886
1525,2014-08-29,0.0008797592676770272
1526,2014-09-02,-0.001746425784488026
1527,2014-09-03,0.0006467983604057093
1528,2014-09-04,-0.0008212138718490802
1529,2014-09-05,0.004187812495136001
1530,2014-09-08,-0.0011844126995507187
1531,2014-09-09,-0.005641103474223086
1532,2014-09-10,0.003094734358620954
1533,2014-09-11,-0.0004930499954615142
1534,2014-09-12,-0.003317346077320593
1535,2014-09-15,0.002494641138243603
1536,2014-09-16,0.006155491934047852
1537,2014-09-17,0.0015083666026090015
1538,2014-09-18,0.005957898557350294
1539,2014-09-19,0.0007256120310910052
1540,2014-09-22,-0.005733725532779621
1541,2014-09-23,-0.006410438712539768
1542,2014-09-24,0.008994732630711155
1543,2014-09-25,-0.015057292149474377
1544,2014-09-26,0.00970764925633305
1545,2014-09-29,-0.00213171685750968
1546,2014-09-30,-0.0016138314608227233
1547,2014-10-01,-0.013834719662675354
1548,2014-10-02,-0.00042947609726784464
1549,2014-10-03,0.012348992610763165
1550,2014-10-06,-0.0010834403174194707
1551,2014-10-07,-0.015826196047267982
1552,2014-10-08,0.016482808453746056
1553,2014-10-09,-0.019430924024326002
1554,2014-10-10,-0.006651578653601442
1555,2014-10-13,-0.012963641105472101
1556,2014-10-14,-0.00041110170012426117
1557,2014-10-15,-0.010516546195480148
1558,2014-10-16,-0.0012331438181775178
1559,2014-10-17,0.01625599788329435
1560,2014-10-20,0.001619696293425621
1561,2014-10-21,0.012725885479076826
1562,2014-10-22,-0.009264944163858813
1563,2014-10-23,0.012741631230897665
1564,2014-10-24,0.007697475164671452
1565,2014-10-27,0.0013002925981873137
1566,2014-10-28,0.01073156100288708
1567,2014-10-29,-0.0018088584425488552
1568,2014-10-30,0.013394472737050522
1569,2014-10-31,0.010560902133929018
1570,2014-11-03,-0.0014179919639331073
1571,2014-11-04,0.0008653037557941889
1572,2014-11-05,0.005681059230621566
1573,2014-11-06,0.0035908853956583275
1574,2014-11-07,0.0008741942646737222
1575,2014-11-10,0.0025476586463841766
1576,2014-11-11,-4.2021406757686286e-05
1577,2014-11-12,0.0004231368806713043
1578,2014-11-13,0.001935422557447719
1579,2014-11-14,-0.00104056121841134
1580,2014-11-17,0.0009017993774109723
1581,2014-11-18,0.0025352967306468965
1582,2014-11-19,1.2479312325064384e-05
1583,2014-11-20,0.0023578057796298513
1584,2014-11-21,0.005024598942754865
1585,2014-11-24,0.0002958312021235088
1586,2014-11-25,-0.00023072654377231938
1587,2014-11-26,0.0008701876517565044
1588,2014-11-28,-0.0001295836022330299
1589,2014-12-01,-0.002830985974169531
1590,2014-12-02,0.005664099433577707
1591,2014-12-03,0.0017738899779322637
1592,2014-12-04,-0.0005538755545648755
1593,2014-12-05,0.003113339825810746
1594,2014-12-08,-0.00570645110044532
1595,2014-12-09,-0.002586931532330805
1596,2014-12-10,-0.014880322975684646
1597,2014-12-11,0.0035381543738099985
1598,2014-12-12,-0.01757929563989713
1599,2014-12-15,-0.006068608493472016
1600,2014-12-16,-0.006067707702051894
1601,2014-12-17,0.016855485704659223
1602,2014-12-18,0.023624155623007015
1603,2014-12-19,0.001506424827203201
1604,2014-12-22,0.008263383514154565
1605,2014-12-23,0.0029302021191135452
1606,2014-12-24,-0.00030603312737931265
1607,2014-12-26,0.0008543020313880323
1608,2014-12-29,-0.0004626698778334992
1609,2014-12-30,-0.0028804636951297313
1610,2014-12-31,-0.009150153081200041
1611,2015-01-02,0.00055657761689476
1612,2015-01-05,-0.017936423043866334
1613,2015-01-06,-0.00757185228684909
1614,2015-01-07,0.012071533710716897
1615,2015-01-08,0.01795696703531502
1616,2015-01-09,-0.009695170601508929
1617,2015-01-12,-0.005704579377508678
1618,2015-01-13,-0.0017761296860534515
1619,2015-01-14,-0.01033392454494142
1620,2015-01-15,-0.006629264111224664
1621,2015-01-16,0.011060641570438845
1622,2015-01-20,-9.878819768605052e-05
1623,2015-01-21,0.0025310369998496896
1624,2015-01-22,0.014620218764613613
1625,2015-01-23,-0.00785405703859643
1626,2015-01-26,0.0005993761853761992
1627,2015-01-27,-0.014248260428534998
1628,2015-01-28,-0.012155496586705561
1629,2015-01-29,0.012884956234299638
1630,2015-01-30,-0.01446302836936908
1631,2015-02-02,0.011126903707940672
1632,2015-02-03,0.017065641218888317
1633,2015-02-04,0.00045453164103914645
1634,2015-02-05,0.01174509487037878
1635,2015-02-06,-0.0032016259786978862
1636,2015-02-09,-0.005177978653207682
1637,2015-02-10,0.007476784537601366
1638,2015-02-11,-0.00032005792523759347
1639,2015-02-12,0.006171725792244009
1640,2015-02-13,0.0028215373384634646
1641,2015-02-17,0.0015415984525914972
1642,2015-02-18,-0.0008794934966138701
1643,2015-02-19,-0.0023795649476975322
1644,2015-02-20,0.008599572108016318
1645,2015-02-23,-0.0013185733292622182
1646,2015-02-24,0.005334369409513817
1647,2015-02-25,0.0008732318213307
1648,2015-02-26,-0.0005481787292145324
1649,2015-02-27,-0.004423181134790011
1650,2015-03-02,0.008524299389409462
1651,2015-03-03,-0.004298233030771814
1652,2015-03-04,-0.005848848593648426
1653,2015-03-05,0.0021451359714232954
1654,2015-03-06,-0.015380773147540605
1655,2015-03-09,0.00779322286807238
1656,2015-03-10,-0.018156146346469226
1657,2015-03-11,-0.0015596966786476374
1658,2015-03-12,0.01522569339570845
1659,2015-03-13,-0.007811495182763917
1660,2015-03-16,0.012741627346509743
1661,2015-03-17,-0.006851720053685173
1662,2015-03-18,0.012853209648880481
1663,2015-03-19,-0.0062830420731251335
1664,2015-03-20,0.00927110510508622
1665,2015-03-23,-0.0011408565085843092
1666,2015-03-24,-0.005506556047839228
1667,2015-03-25,-0.016325803045956544
1668,2015-03-26,-0.002147125947335682
1669,2015-03-27,0.0022083349658807983
1670,2015-03-30,0.014036404013256787
1671,2015-03-31,-0.010534155937163558
1672,2015-04-01,-0.004518927622736757
1673,2015-04-02,0.003600137443753537
1674,2015-04-06,0.007059762270845704
1675,2015-04-07,-0.0004976644258617435
1676,2015-04-08,0.0013922785133573257
1677,2015-04-09,0.003140381082588295
1678,2015-04-10,0.005620172457019734
1679,2015-04-13,-0.00417017029938016
1680,2015-04-14,0.003203153326386543
1681,2015-04-15,0.0037071654993170444
1682,2015-04-16,-2.7614744116388756e-05
1683,2015-04-17,-0.015260811600808721
1684,2015-04-20,0.01085970789982671
1685,2015-04-21,-0.004693331669765044
1686,2015-04-22,0.004871600154202627
1687,2015-04-23,0.0014856482910348134
1688,2015-04-24,0.0013136991221109895
1689,2015-04-27,-0.003310878778172599
1690,2015-04-28,0.004116247727618205
1691,2015-04-29,-0.0032143889808142756
1692,2015-04-30,-0.010691899175916397
1693,2015-05-01,0.009227197994517988
1694,2015-05-04,0.002462044375558081
1695,2015-05-05,-0.007436947273066208
1696,2015-05-06,-0.00517597204368192
1697,2015-05-07,0.004697834783705446
1698,2015-05-08,0.01435674748835325
1699,2015-05-11,-0.004542026470137905
1700,2015-05-12,-0.001543404056950859
1701,2015-05-13,-0.0005466909349175486
1702,2015-05-14,0.010505195991349137
1703,2015-05-15,0.0011280888149036716
1704,2015-05-18,0.0017315610724111252
1705,2015-05-19,0.0006508111095868685
1706,2015-05-20,-0.0016194407833863833
1707,2015-05-21,-7.049541862369502e-06
1708,2015-05-22,-0.002999398616410631
1709,2015-05-26,-0.010324383932857062
1710,2015-05-27,0.006534199653885464
1711,2015-05-28,-0.0015435312846157068
1712,2015-05-29,-0.006478303241861938
1713,2015-06-01,0.0012514737415258992
1714,2015-06-02,-0.001186171655899293
1715,2015-06-03,0.003210581685321179
1716,2015-06-04,-0.009234521817334973
1717,2015-06-05,-0.0031230791146167336
1718,2015-06-08,-0.004644966998610611
1719,2015-06-09,-0.00016379610050809568
1720,2015-06-10,0.013229073661031876
1721,2015-06-11,0.0021164957246146976
1722,2015-06-12,-0.007595449358724027
1723,2015-06-15,-0.00556655196886946
1724,2015-06-16,0.006580533728207216
1725,2015-06-17,0.0014606794735594342
1726,2015-06-18,0.009542167534644319
1727,2015-06-19,-0.0055359729008107594
1728,2015-06-22,0.005111511252960721
1729,2015-06-23,0.001230067679043545
1730,2015-06-24,-0.009539023475793162
1731,2015-06-25,-0.004825581142685831
1732,2015-06-26,0.003054454589405564
1733,2015-06-29,-0.018977284643659664
1734,2015-06-30,0.0011107313288287735
1735,2015-07-01,0.006791598018041967
1736,2015-07-02,-0.0018696356546340498
1737,2015-07-06,-0.002510142091202705
1738,2015-07-07,0.00520162004723379
1739,2015-07-08,-0.013716409147223718
1740,2015-07-09,0.001040381389696643
1741,2015-07-10,0.011348423377796957
1742,2015-07-13,0.010704855889665854
1743,2015-07-14,0.004393458647832249
1744,2015-07-15,-0.00017785793282032447
1745,2015-07-16,0.002328215019492985
1746,2015-07-17,-0.0017182680504778114
1747,2015-07-20,0.0008017290738995264
1748,2015-07-21,-0.00980185087999863
1749,2015-07-22,-0.003756514883836881
1750,2015-07-23,-0.006825410630032613
1751,2015-07-24,-0.00916592513367298
1752,2015-07-27,-0.0069007502571624135
1753,2015-07-28,0.010341601332229056
1754,2015-07-29,0.006805485176393011
1755,2015-07-30,0.0001544382516305287
1756,2015-07-31,-0.003717630800036509
1757,2015-08-03,-0.005568314486002368
1758,2015-08-04,-0.002627744488377104
1759,2015-08-05,-0.0008413175099362125
1760,2015-08-06,-0.007003483482627582
1761,2015-08-07,-0.002386376025719672
1762,2015-08-10,0.01381224472548892
1763,2015-08-11,-0.010842016989787484
1764,2015-08-12,0.001126396893471604
1765,2015-08-13,0.00037981332579084537
1766,2015-08-14,0.0038644910729850324
1767,2015-08-17,0.004150457420480258
1768,2015-08-18,-0.0014803268373049239
1769,2015-08-19,-0.009138850817449584
1770,2015-08-20,-0.020445333532102983
1771,2015-08-21,-0.031248846873971448
1772,2015-08-24,-0.035747832804264856
1773,2015-08-25,-0.01358931106028205
1774,2015-08-26,0.038864500148268366
1775,2015-08-27,0.02267412996619389
1776,2015-08-28,-0.0003850077678401176
1777,2015-08-31,-0.006252411729446128
1778,2015-09-01,-0.028417162116553873
1779,2015-09-02,0.018247844961338355
1780,2015-09-03,0.0006367456371190183
1781,2015-09-04,-0.016453935731419178
1782,2015-09-08,0.02375863876582307
1783,2015-09-09,-0.015235877301191247
1784,2015-09-10,0.004788785866228995
1785,2015-09-11,0.006288238533122215
1786,2015-09-14,-0.0048568535040436345
1787,2015-09-15,0.013262229146175253
1788,2015-09-16,0.008460457867716986
1789,2015-09-17,-0.0037841761841760357
1790,2015-09-18,-0.017401179984103288
1791,2015-09-21,0.006344581983575015
1792,2015-09-22,-0.008920039142376268
1793,2015-09-23,-0.003240099125211393
1794,2015-09-24,-0.0034317316418497334
1795,2015-09-25,0.0067632912347710405
1796,2015-09-28,-0.0190869343384672
1797,2015-09-29,0.0029603067220551615
1798,2015-09-30,0.01417568548542425
1799,2015-10-01,-0.0004060756349425487
1800,2015-10-02,0.013169876278197101
1801,2015-10-05,0.016623950012420563
1802,2015-10-06,0.0009639861197319188
1803,2015-10-07,0.006359206761629155
1804,2015-10-08,0.008671237847013735
1805,2015-10-09,0.0017473657953215316
1806,2015-10-12,0.002901854243309243
1807,2015-10-13,-0.0018500050869134643
1808,2015-10-14,-0.009036205538891728
1809,2015-10-15,0.01161949005552021
1810,2015-10-16,0.004329820642583027
1811,2015-10-19,0.0012266167085548396
1812,2015-10-20,-0.0006594507542692085
1813,2015-10-21,-0.003327559907546296
1814,2015-10-22,0.017943160163322647
1815,2015-10-23,0.006938036242640999
1816,2015-10-26,-0.00150255958253942
1817,2015-10-27,-0.0015594927349377175
1818,2015-10-28,0.010964546711041745
1819,2015-10-29,-0.0008833930169089843
1820,2015-10-30,-0.005240899105075969
1821,2015-11-02,0.008835171728323932
1822,2015-11-03,0.005522536002642298
1823,2015-11-04,-0.0034579727874427535
1824,2015-11-05,-0.0004375917744980917
1825,2015-11-06,0.0030864572282067737
1826,2015-11-09,-0.009513486825042494
1827,2015-11-10,0.0019228067808296778
1828,2015-11-11,-0.003786223416528345
1829,2015-11-12,-0.013783650528828684
1830,2015-11-13,-0.011124891609444187
1831,2015-11-16,0.014687823697252522
1832,2015-11-17,0.0001435218963592444
1833,2015-11-18,0.01439307212048524
1834,2015-11-19,-0.00039910630309691886
1835,2015-11-20,0.005135162171687968
1836,2015-11-23,-0.0017353211882764619
1837,2015-11-24,0.002323408555084283
1838,2015-11-25,-0.000416362767587497
1839,2015-11-27,0.0004128690819109604
1840,2015-11-30,-0.004657679489710409
1841,2015-12-01,0.009516453945656922
1842,2015-12-02,-0.008581319143991184
1843,2015-12-03,-0.014874691775254134
1844,2015-12-04,0.02087501329962027
1845,2015-12-07,-0.006443110639848704
1846,2015-12-08,-0.007681332411652364
1847,2015-12-09,-0.0037520351295312615
1848,2015-12-10,0.0046635388762445995
1849,2015-12-11,-0.01761271494615857
1850,2015-12-14,0.005289694185315552
1851,2015-12-15,0.008640734735889444
1852,2015-12-16,0.012448925172910963
1853,2015-12-17,-0.014681871117436018
1854,2015-12-18,-0.020948125905933312
1855,2015-12-21,0.005635676433885184
1856,2015-12-22,0.00948898879297877
1857,2015-12-23,0.010040292763582093
1858,2015-12-24,-0.0023355446657705725
1859,2015-12-28,-0.0004214626044444225
1860,2015-12-29,0.009893866516682115
1861,2015-12-30,-0.006101551571287445
1862,2015-12-31,-0.009415840993523217
1863,2016-01-04,-0.014739094186851709
1864,2016-01-05,0.0006508328327745616
1865,2016-01-06,-0.014475241717401555
1866,2016-01-07,-0.022160812527119655
1867,2016-01-08,-0.010455714652464199
1868,2016-01-11,0.0024366439098819637
1869,2016-01-12,0.005914530793482697
1870,2016-01-13,-0.02270400459726274
1871,2016-01-14,0.01361717346461333
1872,2016-01-15,-0.022394680690264623
1873,2016-01-19,0.0004103411372649024
1874,2016-01-20,-0.013928556534710701
1875,2016-01-21,0.007217357372822031
1876,2016-01-22,0.010829035759724714
1877,2016-01-25,-0.012509914206599082
1878,2016-01-26,0.01724454484255178
1879,2016-01-27,-0.01387122742737723
1880,2016-01-28,0.006851970838193999
1881,2016-01-29,0.02337072368431281
1882,2016-02-01,-0.00027052819150652496
1883,2016-02-02,-0.016240406411763386
1884,2016-02-03,0.009295570250420937
1885,2016-02-04,0.005322223683340344
1886,2016-02-05,-0.01297235660550844
1887,2016-02-08,-0.007459971397796417
1888,2016-02-09,0.0005604184405507695
1889,2016-02-10,-0.007537606324097612
1890,2016-02-11,-0.014948000375914705
1891,2016-02-12,0.01798537849474502
1892,2016-02-16,0.011492382589065153
1893,2016-02-17,0.014542477064318549
1894,2016-02-18,-0.004266628426911723
1895,2016-02-19,-0.0011559776463834215
1896,2016-02-22,0.012397373131031841
1897,2016-02-23,-0.010752987815420445
1898,2016-02-24,0.004028932045657019
1899,2016-02-25,0.011688302920785043
1900,2016-02-26,-0.004351691791192991
1901,2016-02-29,-0.0070728223705164295
1902,2016-03-01,0.019304758133443345
1903,2016-03-02,0.002857391517792296
1904,2016-03-03,0.0028249283251968738
1905,2016-03-04,0.00364529542637948
1906,2016-03-07,0.004864854967647103
1907,2016-03-08,-0.005077238219731273
1908,2016-03-09,0.0018380069940582278
1909,2016-03-10,-0.0006421198043347065
1910,2016-03-11,0.011655623087206246
1911,2016-03-14,0.0012576282017722207
1912,2016-03-15,0.0019967825812785556
1913,2016-03-16,0.00443030995337379
1914,2016-03-17,0.009243453296439164
1915,2016-03-18,0.006910769355637392
1916,2016-03-21,0.0019426097953449961
1917,2016-03-22,-0.0011441775116878272
1918,2016-03-23,-0.004902020109296634
1919,2016-03-24,0.0017386226547846384
1920,2016-03-28,0.0005312395560539418
1921,2016-03-29,0.006882440877538976
1922,2016-03-30,0.0036426168102530188
1923,2016-03-31,-0.0017476206962111496
1924,2016-04-01,0.007417715596778951
1925,2016-04-04,-0.003505211291467969
1926,2016-04-05,-0.006474139029639336
1927,2016-04-06,0.006282234586814317
1928,2016-04-07,-0.008215981472325606
1929,2016-04-08,0.001228700258556703
1930,2016-04-11,-0.001709853944511619
1931,2016-04-12,0.008531515372812715
1932,2016-04-13,0.009391406414898107
1933,2016-04-14,0.000791619589945336
1934,2016-04-15,-0.001589220222146026
1935,2016-04-18,0.006370020568522872
1936,2016-04-19,0.0023040068010318215
1937,2016-04-20,0.0020365634092349705
1938,2016-04-21,-0.00609745700239428
1939,2016-04-22,0.0010397089909666146
1940,2016-04-25,-0.0007614510090363513
1941,2016-04-26,0.00016341751047810327
1942,2016-04-27,0.002523327470386638
1943,2016-04-28,-0.01071473421904967
1944,2016-04-29,-0.0022146196614668545
1945,2016-05-02,0.0060381349322140565
1946,2016-05-03,-0.006705921351929711
1947,2016-05-04,-0.0047228459406878365
1948,2016-05-05,-0.00021339608637871432
1949,2016-05-06,0.005117764230807786
1950,2016-05-09,-0.0021381748513442655
1951,2016-05-10,0.011377746920461673
1952,2016-05-11,-0.01160275774730779
1953,2016-05-12,0.0005296593018950801
1954,2016-05-13,-0.009925901779579638
1955,2016-05-16,0.010207256680932142
1956,2016-05-17,-0.009687362506440533
1957,2016-05-18,0.0014478852414143706
1958,2016-05-19,-0.004496919309774694
1959,2016-05-20,0.003648447115823128
1960,2016-05-23,-0.0008059257736292569
1961,2016-05-24,0.010320078335532168
1962,2016-05-25,0.00656438298446993
1963,2016-05-26,-0.0017486735265074271
1964,2016-05-27,0.0026011939864343248
1965,2016-05-31,-0.0058296275326272795
1966,2016-06-01,0.0019780360220424953
1967,2016-06-02,0.0027831595181502244
1968,2016-06-03,0.0004078565872349671
1969,2016-06-06,0.005309226622035146
1970,2016-06-07,0.00011477300787543498
1971,2016-06-08,0.004078797203628026
1972,2016-06-09,0.0008463550656740981
1973,2016-06-10,-0.004096170579892977
1974,2016-06-13,-0.005497295701186289
1975,2016-06-14,-0.0020297942975926464
1976,2016-06-15,-0.0035857276662145665
1977,2016-06-16,0.007434804369280457
1978,2016-06-17,-0.003286406856067514
1979,2016-06-20,0.003833822049394975
1980,2016-06-21,0.00013464669075502478
1981,2016-06-22,-0.002907015283002967
1982,2016-06-23,0.009356641650824837
1983,2016-06-24,-0.030416899042989387
1984,2016-06-27,-0.012386522109582132
1985,2016-06-28,0.012751857855522353
1986,2016-06-29,0.01367208352260163
1987,2016-06-30,0.012264066744527291
1988,2016-07-01,0.00140195102676266
